<?xml version="1.0" encoding="UTF-8"?>
<metadata xml:lang="en"><Esri><CreaDate>20140724</CreaDate><CreaTime>21050800</CreaTime><ArcGISFormat>1.0</ArcGISFormat><SyncOnce>FALSE</SyncOnce><DataProperties><lineage><Process ToolSource="c:\program files (x86)\arcgis\desktop10.1\ArcToolbox\Toolboxes\Data Management Tools.tbx\Project" Date="20140627" Time="114541">Project "C:\Users\Daniel\Desktop\Map Projects\MEA\BUR_admin_SHP\BUR.shp" "C:\Users\Daniel\Desktop\Map Projects\MEA\HOA_GS84.gdb\BUR_Adm_GS84" GEOGCS['GCS_WGS_1984',DATUM['D_WGS_1984',SPHEROID['WGS_1984',6378137.0,298.257223563]],PRIMEM['Greenwich',0.0],UNIT['Degree',0.0174532925199433],METADATA['World',-180.0,-90.0,180.0,90.0,0.0,0.0174532925199433,0.0,1262]] # GEOGCS['GCS_WGS_1984',DATUM['D_WGS_1984',SPHEROID['WGS_1984',6378137.0,298.257223563]],PRIMEM['Greenwich',0.0],UNIT['Degree',0.0174532925199433],METADATA['World',-180.0,-90.0,180.0,90.0,0.0,0.0174532925199433,0.0,1262]]</Process><Process ToolSource="c:\program files (x86)\arcgis\desktop10.1\ArcToolbox\Toolboxes\Conversion Tools.tbx\FeatureClassToFeatureClass" Date="20140627" Time="115235">FeatureClassToFeatureClass "C:\Users\Daniel\Desktop\Map Projects\MEA\HOA_GS84.gdb\BUR_Adm_GS84" "C:\Users\Daniel\Desktop\Map Projects\MEA\HOA_GS84.gdb\RW_BUR" BUR_Reg_GS84 # "ID "ID" true true false 4 Long 0 0 ,First,#,C:\Users\Daniel\Desktop\Map Projects\MEA\HOA_GS84.gdb\BUR_Adm_GS84,ID,-1,-1;LBL "LBL" true true false 17 Text 0 0 ,First,#,C:\Users\Daniel\Desktop\Map Projects\MEA\HOA_GS84.gdb\BUR_Adm_GS84,LBL,-1,-1;FIP "FIP" true true false 9 Text 0 0 ,First,#,C:\Users\Daniel\Desktop\Map Projects\MEA\HOA_GS84.gdb\BUR_Adm_GS84,FIP,-1,-1;MMT_ID "MMT_ID" true true false 9 Text 0 0 ,First,#,C:\Users\Daniel\Desktop\Map Projects\MEA\HOA_GS84.gdb\BUR_Adm_GS84,MMT_ID,-1,-1;SHORT__FRM "SHORT__FRM" true true false 19 Text 0 0 ,First,#,C:\Users\Daniel\Desktop\Map Projects\MEA\HOA_GS84.gdb\BUR_Adm_GS84,SHORT__FRM,-1,-1;LONG_FRM "LONG_FRM" true true false 50 Text 0 0 ,First,#,C:\Users\Daniel\Desktop\Map Projects\MEA\HOA_GS84.gdb\BUR_Adm_GS84,LONG_FRM,-1,-1;ADM0 "ADM0" true true false 40 Text 0 0 ,First,#,C:\Users\Daniel\Desktop\Map Projects\MEA\HOA_GS84.gdb\BUR_Adm_GS84,ADM0,-1,-1;ADM1 "ADM1" true true false 40 Text 0 0 ,First,#,C:\Users\Daniel\Desktop\Map Projects\MEA\HOA_GS84.gdb\BUR_Adm_GS84,ADM1,-1,-1;ADM2 "ADM2" true true false 40 Text 0 0 ,First,#,C:\Users\Daniel\Desktop\Map Projects\MEA\HOA_GS84.gdb\BUR_Adm_GS84,ADM2,-1,-1;ADM3 "ADM3" true true false 40 Text 0 0 ,First,#,C:\Users\Daniel\Desktop\Map Projects\MEA\HOA_GS84.gdb\BUR_Adm_GS84,ADM3,-1,-1;ADM4 "ADM4" true true false 40 Text 0 0 ,First,#,C:\Users\Daniel\Desktop\Map Projects\MEA\HOA_GS84.gdb\BUR_Adm_GS84,ADM4,-1,-1;ADM5 "ADM5" true true false 40 Text 0 0 ,First,#,C:\Users\Daniel\Desktop\Map Projects\MEA\HOA_GS84.gdb\BUR_Adm_GS84,ADM5,-1,-1;STL_0 "STL_0" true true false 4 Long 0 0 ,First,#,C:\Users\Daniel\Desktop\Map Projects\MEA\HOA_GS84.gdb\BUR_Adm_GS84,STL_0,-1,-1;STL_1 "STL_1" true true false 9 Text 0 0 ,First,#,C:\Users\Daniel\Desktop\Map Projects\MEA\HOA_GS84.gdb\BUR_Adm_GS84,STL_1,-1,-1;STL_2 "STL_2" true true false 4 Long 0 0 ,First,#,C:\Users\Daniel\Desktop\Map Projects\MEA\HOA_GS84.gdb\BUR_Adm_GS84,STL_2,-1,-1;STL_3 "STL_3" true true false 9 Text 0 0 ,First,#,C:\Users\Daniel\Desktop\Map Projects\MEA\HOA_GS84.gdb\BUR_Adm_GS84,STL_3,-1,-1;STL_4 "STL_4" true true false 9 Text 0 0 ,First,#,C:\Users\Daniel\Desktop\Map Projects\MEA\HOA_GS84.gdb\BUR_Adm_GS84,STL_4,-1,-1;STL_5 "STL_5" true true false 9 Text 0 0 ,First,#,C:\Users\Daniel\Desktop\Map Projects\MEA\HOA_GS84.gdb\BUR_Adm_GS84,STL_5,-1,-1;Shape_Length "Shape_Length" false true true 8 Double 0 0 ,First,#,C:\Users\Daniel\Desktop\Map Projects\MEA\HOA_GS84.gdb\BUR_Adm_GS84,Shape_Length,-1,-1;Shape_Area "Shape_Area" false true true 8 Double 0 0 ,First,#,C:\Users\Daniel\Desktop\Map Projects\MEA\HOA_GS84.gdb\BUR_Adm_GS84,Shape_Area,-1,-1" #</Process></lineage><itemProps><itemName Sync="TRUE">BUR_Reg_GS84</itemName><imsContentType Sync="TRUE">002</imsContentType><itemLocation><linkage Sync="TRUE">file://\\DTHOMPSON-PC\Users\Daniel\Desktop\MEA\GIS data\Updated\EastAfrica_201407_WGS1984\v101\hoa_gs84.gdb</linkage><protocol Sync="TRUE">Local Area Network</protocol></itemLocation></itemProps><coordRef><type Sync="TRUE">Geographic</type><geogcsn Sync="TRUE">GCS_WGS_1984</geogcsn><csUnits Sync="TRUE">Angular Unit: Degree (0.017453)</csUnits><peXml Sync="TRUE">&lt;GeographicCoordinateSystem xsi:type='typens:GeographicCoordinateSystem' xmlns:xsi='http://www.w3.org/2001/XMLSchema-instance' xmlns:xs='http://www.w3.org/2001/XMLSchema' xmlns:typens='http://www.esri.com/schemas/ArcGIS/10.1'&gt;&lt;WKT&gt;GEOGCS[&amp;quot;GCS_WGS_1984&amp;quot;,DATUM[&amp;quot;D_WGS_1984&amp;quot;,SPHEROID[&amp;quot;WGS_1984&amp;quot;,6378137.0,298.257223563]],PRIMEM[&amp;quot;Greenwich&amp;quot;,0.0],UNIT[&amp;quot;Degree&amp;quot;,0.0174532925199433],METADATA[&amp;quot;World&amp;quot;,-180.0,-90.0,180.0,90.0,0.0,0.0174532925199433,0.0,1262],AUTHORITY[&amp;quot;EPSG&amp;quot;,4326]]&lt;/WKT&gt;&lt;XOrigin&gt;-400&lt;/XOrigin&gt;&lt;YOrigin&gt;-400&lt;/YOrigin&gt;&lt;XYScale&gt;999999999.99999988&lt;/XYScale&gt;&lt;ZOrigin&gt;-100000&lt;/ZOrigin&gt;&lt;ZScale&gt;10000&lt;/ZScale&gt;&lt;MOrigin&gt;-100000&lt;/MOrigin&gt;&lt;MScale&gt;10000&lt;/MScale&gt;&lt;XYTolerance&gt;8.983152841195215e-009&lt;/XYTolerance&gt;&lt;ZTolerance&gt;0.001&lt;/ZTolerance&gt;&lt;MTolerance&gt;0.001&lt;/MTolerance&gt;&lt;HighPrecision&gt;true&lt;/HighPrecision&gt;&lt;LeftLongitude&gt;-180&lt;/LeftLongitude&gt;&lt;WKID&gt;4326&lt;/WKID&gt;&lt;LatestWKID&gt;4326&lt;/LatestWKID&gt;&lt;/GeographicCoordinateSystem&gt;</peXml></coordRef></DataProperties><SyncDate>20140627</SyncDate><SyncTime>11523300</SyncTime><ModDate>20140627</ModDate><ModTime>11523300</ModTime></Esri><dataIdInfo><envirDesc Sync="TRUE">Microsoft Windows 7 Version 6.1 (Build 7601) Service Pack 1; Esri ArcGIS 10.1.0.3035</envirDesc><dataLang><languageCode value="eng" Sync="TRUE"></languageCode><countryCode value="USA" Sync="TRUE"></countryCode></dataLang><idCitation><resTitle Sync="TRUE">BUR_Reg_GS84</resTitle><presForm><PresFormCd value="005" Sync="TRUE"></PresFormCd></presForm></idCitation><spatRpType><SpatRepTypCd value="001" Sync="TRUE"></SpatRepTypCd></spatRpType></dataIdInfo><mdLang><languageCode value="eng" Sync="TRUE"></languageCode><countryCode value="USA" Sync="TRUE"></countryCode></mdLang><distInfo><distFormat><formatName Sync="TRUE">File Geodatabase Feature Class</formatName></distFormat></distInfo><mdHrLv><ScopeCd value="005" Sync="TRUE"></ScopeCd></mdHrLv><mdHrLvName Sync="TRUE">dataset</mdHrLvName><refSysInfo><RefSystem><refSysID><identCode code="4326" Sync="TRUE"></identCode><idCodeSpace Sync="TRUE">EPSG</idCodeSpace><idVersion Sync="TRUE">7.9.4</idVersion></refSysID></RefSystem></refSysInfo><spatRepInfo><VectSpatRep><geometObjs Name="BUR_Reg_GS84"><geoObjTyp><GeoObjTypCd value="002" Sync="TRUE"></GeoObjTypCd></geoObjTyp><geoObjCnt Sync="TRUE">0</geoObjCnt></geometObjs><topLvl><TopoLevCd value="001" Sync="TRUE"></TopoLevCd></topLvl></VectSpatRep></spatRepInfo><spdoinfo><ptvctinf><esriterm Name="BUR_Reg_GS84"><efeatyp Sync="TRUE">Simple</efeatyp><efeageom code="4" Sync="TRUE"></efeageom><esritopo Sync="TRUE">FALSE</esritopo><efeacnt Sync="TRUE">0</efeacnt><spindex Sync="TRUE">TRUE</spindex><linrefer Sync="TRUE">FALSE</linrefer></esriterm></ptvctinf></spdoinfo><eainfo><detailed Name="BUR_Reg_GS84"><enttyp><enttypl Sync="TRUE">BUR_Reg_GS84</enttypl><enttypt Sync="TRUE">Feature Class</enttypt><enttypc Sync="TRUE">0</enttypc></enttyp><attr><attrlabl Sync="TRUE">OBJECTID</attrlabl><attalias Sync="TRUE">OBJECTID</attalias><attrtype Sync="TRUE">OID</attrtype><attwidth Sync="TRUE">4</attwidth><atprecis Sync="TRUE">0</atprecis><attscale Sync="TRUE">0</attscale><attrdef Sync="TRUE">Internal feature number.</attrdef><attrdefs Sync="TRUE">Esri</attrdefs><attrdomv><udom Sync="TRUE">Sequential unique whole numbers that are automatically generated.</udom></attrdomv></attr><attr><attrlabl Sync="TRUE">Shape</attrlabl><attalias Sync="TRUE">Shape</attalias><attrtype Sync="TRUE">Geometry</attrtype><attwidth Sync="TRUE">0</attwidth><atprecis Sync="TRUE">0</atprecis><attscale Sync="TRUE">0</attscale><attrdef Sync="TRUE">Feature geometry.</attrdef><attrdefs Sync="TRUE">Esri</attrdefs><attrdomv><udom Sync="TRUE">Coordinates defining the features.</udom></attrdomv></attr><attr><attrlabl Sync="TRUE">ID</attrlabl><attalias Sync="TRUE">ID</attalias><attrtype Sync="TRUE">Integer</attrtype><attwidth Sync="TRUE">4</attwidth><atprecis Sync="TRUE">0</atprecis><attscale Sync="TRUE">0</attscale></attr><attr><attrlabl Sync="TRUE">LBL</attrlabl><attalias Sync="TRUE">LBL</attalias><attrtype Sync="TRUE">String</attrtype><attwidth Sync="TRUE">17</attwidth><atprecis Sync="TRUE">0</atprecis><attscale Sync="TRUE">0</attscale></attr><attr><attrlabl Sync="TRUE">FIP</attrlabl><attalias Sync="TRUE">FIP</attalias><attrtype Sync="TRUE">String</attrtype><attwidth Sync="TRUE">9</attwidth><atprecis Sync="TRUE">0</atprecis><attscale Sync="TRUE">0</attscale></attr><attr><attrlabl Sync="TRUE">MMT_ID</attrlabl><attalias Sync="TRUE">MMT_ID</attalias><attrtype Sync="TRUE">String</attrtype><attwidth Sync="TRUE">9</attwidth><atprecis Sync="TRUE">0</atprecis><attscale Sync="TRUE">0</attscale></attr><attr><attrlabl Sync="TRUE">SHORT__FRM</attrlabl><attalias Sync="TRUE">SHORT__FRM</attalias><attrtype Sync="TRUE">String</attrtype><attwidth Sync="TRUE">19</attwidth><atprecis Sync="TRUE">0</atprecis><attscale Sync="TRUE">0</attscale></attr><attr><attrlabl Sync="TRUE">LONG_FRM</attrlabl><attalias Sync="TRUE">LONG_FRM</attalias><attrtype Sync="TRUE">String</attrtype><attwidth Sync="TRUE">50</attwidth><atprecis Sync="TRUE">0</atprecis><attscale Sync="TRUE">0</attscale></attr><attr><attrlabl Sync="TRUE">ADM0</attrlabl><attalias Sync="TRUE">ADM0</attalias><attrtype Sync="TRUE">String</attrtype><attwidth Sync="TRUE">40</attwidth><atprecis Sync="TRUE">0</atprecis><attscale Sync="TRUE">0</attscale></attr><attr><attrlabl Sync="TRUE">ADM1</attrlabl><attalias Sync="TRUE">ADM1</attalias><attrtype Sync="TRUE">String</attrtype><attwidth Sync="TRUE">40</attwidth><atprecis Sync="TRUE">0</atprecis><attscale Sync="TRUE">0</attscale></attr><attr><attrlabl Sync="TRUE">ADM2</attrlabl><attalias Sync="TRUE">ADM2</attalias><attrtype Sync="TRUE">String</attrtype><attwidth Sync="TRUE">40</attwidth><atprecis Sync="TRUE">0</atprecis><attscale Sync="TRUE">0</attscale></attr><attr><attrlabl Sync="TRUE">ADM3</attrlabl><attalias Sync="TRUE">ADM3</attalias><attrtype Sync="TRUE">String</attrtype><attwidth Sync="TRUE">40</attwidth><atprecis Sync="TRUE">0</atprecis><attscale Sync="TRUE">0</attscale></attr><attr><attrlabl Sync="TRUE">ADM4</attrlabl><attalias Sync="TRUE">ADM4</attalias><attrtype Sync="TRUE">String</attrtype><attwidth Sync="TRUE">40</attwidth><atprecis Sync="TRUE">0</atprecis><attscale Sync="TRUE">0</attscale></attr><attr><attrlabl Sync="TRUE">ADM5</attrlabl><attalias Sync="TRUE">ADM5</attalias><attrtype Sync="TRUE">String</attrtype><attwidth Sync="TRUE">40</attwidth><atprecis Sync="TRUE">0</atprecis><attscale Sync="TRUE">0</attscale></attr><attr><attrlabl Sync="TRUE">STL_0</attrlabl><attalias Sync="TRUE">STL_0</attalias><attrtype Sync="TRUE">Integer</attrtype><attwidth Sync="TRUE">4</attwidth><atprecis Sync="TRUE">0</atprecis><attscale Sync="TRUE">0</attscale></attr><attr><attrlabl Sync="TRUE">STL_1</attrlabl><attalias Sync="TRUE">STL_1</attalias><attrtype Sync="TRUE">String</attrtype><attwidth Sync="TRUE">9</attwidth><atprecis Sync="TRUE">0</atprecis><attscale Sync="TRUE">0</attscale></attr><attr><attrlabl Sync="TRUE">STL_2</attrlabl><attalias Sync="TRUE">STL_2</attalias><attrtype Sync="TRUE">Integer</attrtype><attwidth Sync="TRUE">4</attwidth><atprecis Sync="TRUE">0</atprecis><attscale Sync="TRUE">0</attscale></attr><attr><attrlabl Sync="TRUE">STL_3</attrlabl><attalias Sync="TRUE">STL_3</attalias><attrtype Sync="TRUE">String</attrtype><attwidth Sync="TRUE">9</attwidth><atprecis Sync="TRUE">0</atprecis><attscale Sync="TRUE">0</attscale></attr><attr><attrlabl Sync="TRUE">STL_4</attrlabl><attalias Sync="TRUE">STL_4</attalias><attrtype Sync="TRUE">String</attrtype><attwidth Sync="TRUE">9</attwidth><atprecis Sync="TRUE">0</atprecis><attscale Sync="TRUE">0</attscale></attr><attr><attrlabl Sync="TRUE">STL_5</attrlabl><attalias Sync="TRUE">STL_5</attalias><attrtype Sync="TRUE">String</attrtype><attwidth Sync="TRUE">9</attwidth><atprecis Sync="TRUE">0</atprecis><attscale Sync="TRUE">0</attscale></attr><attr><attrlabl Sync="TRUE">Shape_Length</attrlabl><attalias Sync="TRUE">Shape_Length</attalias><attrtype Sync="TRUE">Double</attrtype><attwidth Sync="TRUE">8</attwidth><atprecis Sync="TRUE">0</atprecis><attscale Sync="TRUE">0</attscale><attrdef Sync="TRUE">Length of feature in internal units.</attrdef><attrdefs Sync="TRUE">Esri</attrdefs><attrdomv><udom Sync="TRUE">Positive real numbers that are automatically generated.</udom></attrdomv></attr><attr><attrlabl Sync="TRUE">Shape_Area</attrlabl><attalias Sync="TRUE">Shape_Area</attalias><attrtype Sync="TRUE">Double</attrtype><attwidth Sync="TRUE">8</attwidth><atprecis Sync="TRUE">0</atprecis><attscale Sync="TRUE">0</attscale><attrdef Sync="TRUE">Area of feature in internal units squared.</attrdef><attrdefs Sync="TRUE">Esri</attrdefs><attrdomv><udom Sync="TRUE">Positive real numbers that are automatically generated.</udom></attrdomv></attr></detailed></eainfo><mdDateSt Sync="TRUE">20140627</mdDateSt></metadata>
